question,answer,context,ticker,filing
What area did NVIDIA initially focus on before expanding to other computationally intensive fields?,NVIDIA initially focused on PC graphics.,"Since our original focus on PC graphics, we have expanded to several other large and important computationally intensive fields.",NVDA,2023_10K
What are some of the recent applications of GPU-powered deep learning as mentioned by NVIDIA?,"Recent applications of GPU-powered deep learning include recommendation systems, large language models, and generative AI.","Some of the most recent applications of GPU-powered deep learning include recommendation systems, which are AI algorithms trained to understand the preferences, previous decisions, and characteristics of people and products using data gathered about their interactions, large language models, which can recognize, summarize, translate, predict and generate text and other content based on knowledge gained from massive datasets, and generative AI, which uses algorithms that create new content, including audio, code, images, text, simulations, and videos, based on the data they have been trained on.",NVDA,2023_10K
What significant invention did NVIDIA create in 1999?,NVIDIA invented the GPU in 1999.,Our invention of the GPU in 1999 defined modern computer graphics and established NVIDIA as the leader in computer graphics.,NVDA,2023_10K
How does NVIDIA's platform strategy contribute to the markets it serves?,"NVIDIA's platform strategy brings together hardware, systems, software, algorithms, libraries, and services to create unique value.","NVIDIA has a platform strategy, bringing together hardware, systems, software, algorithms, libraries, and services to create unique value for the markets we serve.",NVDA,2023_10K
What does NVIDIA's CUDA programming model enable?,NVIDIA's CUDA programming model opened the parallel processing capabilities of GPUs for general purpose computing.,"With our introduction of the CUDA programming model in 2006, we opened the parallel processing capabilities of our GPU for general purpose computing.",NVDA,2023_10K
What industries use NVIDIA's GPUs and software for automation?,"NVIDIA's GPUs and software are used for automation in various industries including transportation, healthcare, financial services, professional design, movies, and building products design.",A rapidly growing number of enterprises and startups across a broad range of industries use our GPUs and software to bring automation to the products and services they build. The transportation industry is turning to our platforms for autonomous driving; the healthcare industry is leveraging them for enhanced medical imaging and acceleration of drug discovery; and the financial services industry is using them for fraud detection. Professional designers use our GPUs and software to create visual effects in movies and to design buildings and products ranging from cell phones to commercial aircraft.,NVDA,2023_10K
Why did NVIDIA and SoftBank terminate their Share Purchase Agreement for acquiring Arm Limited?,NVIDIA and SoftBank terminated their Share Purchase Agreement due to significant regulatory challenges that prevented the completion of the transaction.,"Termination of the Arm Share Purchase Agreement In February 2022, NVIDIA and SoftBank Group Corp., or SoftBank, announced the termination of the Share Purchase Agreement whereby NVIDIA would have acquired Arm Limited, or Arm, from SoftBank. The parties agreed to terminate because of significant regulatory challenges preventing the completion of the transaction.",NVDA,2023_10K
What amount did NVIDIA record as an acquisition termination cost in fiscal year 2023?,NVIDIA recorded an acquisition termination cost of $1.35 billion in fiscal year 2023.,We recorded an acquisition termination cost of $1.35 billion in fiscal year 2023 reflecting the write-off of the prepayment provided at signing.,NVDA,2023_10K
What does the NVIDIA computing platform focus on accelerating?,"The NVIDIA computing platform focuses on accelerating the most compute-intensive workloads, such as AI, data analytics, graphics and scientific computing, across various types of data centers.","Data Center The NVIDIA computing platform is focused on accelerating the most compute-intensive workloads, such as AI, data analytics, graphics and scientific computing, across hyperscale, cloud, enterprise, public sector, and edge data centers. The platform consists of our energy efficient GPUs, data processing units, or DPUs, interconnects and systems, our CUDA programming model, and a growing body of software libraries, software development kits, or SDKs, application frameworks and services, which are either available as part of the platform or packaged and sold separately.",NVDA,2023_10K
What are the key components of the NVIDIA computing platform?,"The NVIDIA computing platform includes energy-efficient GPUs, data processing units (DPUs), interconnects, systems, the CUDA programming model, and a suite of software libraries, SDKs, application frameworks, and services.","Data Center The NVIDIA computing platform is focused on accelerating the most compute-intensive workloads, such as AI, data analytics, graphics and scientific computing, across hyperscale, cloud, enterprise, public sector, and edge data centers. The platform consists of our energy efficient GPUs, data processing units, or DPUs, interconnects and systems, our CUDA programming model, and a growing body of software libraries, software development kits, or SDKs, application frameworks and services, which are either available as part of the platform or packaged and sold separately.",NVDA,2023_10K
What is the H100 GPU designed to accelerate?,"The H100 GPU is designed to accelerate applications such as large language models, deep recommender systems, genomics, and complex digital twins.","H100 is ideal for accelerating applications such as large language models, deep recommender systems, genomics and complex digital twins.",NVDA,2023_10K
What services does NVIDIA offer to enterprise customers?,"NVIDIA offers enterprise customers NVIDIA AI cloud services directly and through a network of partners, which include NVIDIA DGX Cloud for training AI models and customizable pretrained AI models.","NVIDIA will offer enterprise customers NVIDIA AI cloud services directly and through our network of partners. Examples of these services include NVIDIA DGX Cloud, which is cloud-based infrastructure and software for training AI models, and customizable pretrained AI models.",NVDA,2023_10K
What does the Bluefield DPU support?,"The Bluefield DPU is supported by foundational data-center-infrastructure-on-a-chip software, or DOCA, which enables developers to build software-defined, hardware-accelerated networking, security, storage, and management applications.","The NVIDIA Bluefield DPU is supported by foundational data-center-infrastructure-on-a-chip software, or DOCA, that lets developers build software-defined, hardware-accelerated networking, security, storage and management applications for BlueField DPUs.",NVDA,2023_10K
What does the NVIDIA GPU Cloud registry offer?,"The NVIDIA GPU Cloud registry offers a comprehensive catalog of easy-to-use, optimized software stacks across various domains including scientific computing, deep learning, and machine learning, enabling AI developers, researchers, and data scientists to get started with the development of AI and HPC applications and deploy them on various systems.","We also offer the NVIDIA GPU Cloud registry, or NGC, a comprehensive catalog of easy-to-use, optimized software stacks across a range of domains including scientific computing, deep learning, and machine learning. With NGC, AI developers, researchers and data scientists can get started with the development of AI and HPC applications and deploy them on DGX systems, NVIDIA-Certified systems from our partners, or with NVIDIA’s cloud partners.",NVDA,2023_10K
What are the technological features of the GeForce RTX 40 Series GPUs?,"The GeForce RTX 40 Series GPUs feature third generation RTX technology, third generation NVIDIA DLSS, and fourth generation Tensor Cores, providing up to 4X the performance of the previous generation.","In fiscal year 2023, we introduced the GeForce RTX 40 Series of gaming GPUs, based on the Ada Lovelace architecture. The 40 Series features our third generation RTX technology, third generation NVIDIA DLSS, and fourth generation Tensor Cores to deliver up to 4X the performance of the previous generation.",NVDA,2023_10K
What generation technology does the 40 Series graphics cards feature?,"The 40 Series graphics cards feature third generation RTX technology, third generation NVIDIA DLSS, and fourth generation Tensor Cores.","The 40 Series features our third generation RTX technology, third generation NVIDIA DLSS, and fourth generation Tensor Cores to deliver up to 4X the performance of the previous generation.",NVDA,2023_10K
What capabilities are introduced by NVIDIA's GPU computing platform for the Professional Visualization market?,"NVIDIA's GPU computing platform enhances productivity and introduces new capabilities for critical workflows in fields such as design and manufacturing, and digital content creation.","Professional Visualization We serve the Professional Visualization market by working closely with independent software vendors, or ISVs, to optimize their offerings for NVIDIA GPUs. Our GPU computing platform enhances productivity and introduces new capabilities for critical workflows in many fields, such as design and manufacturing and digital content creation.",NVDA,2023_10K
What kind of applications now support RTX technology?,Many leading 3D design and content creation applications now support RTX technology.,"Many leading 3D design and content creation applications developed by our ecosystem partners now support RTX, allowing professionals to accelerate and transform their workflows with NVIDIA RTX GPUs and software.",NVDA,2023_10K
What are some current enterprise applications of VR and AR technologies?,"Current enterprise applications of VR and AR technologies include virtual car showrooms, surgical training, architectural walkthroughs, and bringing historical scenes to life.","Omniverse, virtual reality, or VR, and augmented reality, or AR, are being incorporated in a growing number of enterprise applications. Virtual car showrooms, surgical training, architectural walkthroughs, and bringing historical scenes to life all deploy these technologies, powered by our GPUs.",NVDA,2023_10K
What features does the DRIVE Software platform include?,"The DRIVE Software platform includes DRIVE Chauffeur for autonomous driving, mapping and parking services, Drive Concierge for intelligent in-vehicle experiences, and real time conversational AI capability based on NVIDIA Omniverse Avatar software.","The DRIVE Software platform includes DRIVE Chauffeur for autonomous driving, mapping and parking services, Drive Concierge for intelligent in-vehicle experiences, and real time conversational AI capability based on NVIDIA Omniverse Avatar software.",NVDA,2023_10K
How does the company support multi-billion-dollar end markets with their technology?,"The company supports multi-billion-dollar end markets by using a variety of software stacks developed either internally or by third-party developers and partners, utilizing a shared underlying technology across all these markets.",investments in research and development: we can support several multi-billion-dollar end markets with shared underlying technology by using a variety of software stacks developed either internally or by third-party developers and partners. We utilize this platform approach in each of our target markets.,NVDA,2023_10K
What comprehensive solutions does the company provide for the AI market?,"The company provides a complete, end-to-end accelerated computing platform for deep learning and machine learning, which includes GPUs, interconnects, systems, CUDA programming language, algorithms, libraries, and other software.","We provide a complete, end-to-end accelerated computing platform for deep learning and machine learning, addressing both training and inferencing. This includes GPUs, interconnects, systems, our CUDA programming language, algorithms, libraries, and other software.",NVDA,2023_10K
How does the company advance autonomous vehicle technology?,"The company provides a fully functional safety AI-based hardware and software solution under the DRIVE brand, targeting the autonomous vehicle market through partnerships with OEMs, tier-1 suppliers, and startups.","Advancing the leading autonomous vehicle platform. We believe the advent of AV will soon revolutionize the transportation industry. In our view, AI is the key technology enabler of this opportunity, as the algorithms required for autonomous driving - such as perception, localization, and planning - are too complex for legacy hand-coded approaches and will use multiple trained neural networks instead. Therefore, we provide a full functionally safe AI-based hardware and software solution for the AV market under the DRIVE brand, which we are bringing to market through our partnerships with automotive original equipment manufacturers, or OEMs, tier-1 suppliers, and start-ups.",NVDA,2023_10K
What specific features are used to enhance the consumer experience in computer graphics according to the company?,"The company uses its GeForce Experience to optimize gamer settings, enable gameplay recording and sharing, and its Studio drivers to accelerate popular creative applications. Additionally, the Omniverse software facilitates real-time 3D design collaboration and virtual world simulation.","Our technologies are instrumental in driving gaming forward, as developers leverage our libraries and algorithms to deliver an optimized gaming experience on our GeForce platform. Our computer graphics platforms leverage not only our industry-leading GeForce and NVIDIA RTX GPUs, but also optimized software stacks. For example, GeForce Experience enhances each gamer’s experience by optimizing their PC’s settings, as well as enabling the recording and sharing of gameplay. Our Studio drivers enhance and accelerate a number of popular creative applications. Omniverse is real-time 3D design collaboration and virtual world simulation software that empowers artists, designers and creators to connect and collaborate in leading design applications.",NVDA,2023_10K
How does the company's sales and marketing strategy support its technology distribution?,"The global sales and marketing teams work closely with end customers and various industry ecosystems through a partner network that includes OEMs, ODMs, system builders, add-in board manufacturers, and other ecosystem participants, contributing to rapid market entry, high customer satisfaction, and strong relationships.","Sales and Marketing Our worldwide sales and marketing strategy is key to achieving our objective of providing markets with our high-performance and efficient computing platforms and software. Our sales and marketing teams, located across our global markets, work closely with end customers and various industry ecosystems through our partner network. Our partner network incorporates each industry's respective OEMs, original device manufacturers, or ODMs, system builders, add-in board manufacturers, or AIBs, retailers/distributors, ISVs, internet and CSPs, automotive manufacturers and tier-1 automotive suppliers, mapping companies, start-ups, and other ecosystem participants.",NVDA,2023_10K
What is the primary role of NVIDIA's partner network in system design?,"NVIDIA's partner network is primarily involved in designing, testing, and qualifying system designs that incorporate NVIDIA's platforms.","partner network in designing, testing, and qualifying system designs that incorporate our platforms.",NVDA,2023_10K
How does NVIDIA encourage the development of software applications optimized for its platforms?,NVIDIA encourages the development of software applications optimized for its platforms by establishing and maintaining strong relationships in the software development community and making its products available to developers prior to launch. NVIDIA also provides in-person and online training through its Deep Learning Institute.,"To encourage the development of applications optimized for our platforms and software, we seek to establish and maintain strong relationships in the software development community. Our developer program makes our products available to developers prior to launch in order to encourage the development of AI frameworks, SDKs, and APIs for software applications and game titles that are optimized for our platforms. Our Deep Learning Institute provides in-person and online training for developers in industries and organizations around the world to build AI and accelerated computing applications that leverage our platforms.",NVDA,2023_10K
How does NVIDIA's product revenue typically vary throughout the year?,"NVIDIA's product revenue typically sees stronger sales in the second half of the fiscal year, with particular strength in the second and third quarters for certain products like those for notebooks and game consoles, and weaker in the fourth and first quarters.","Our consumer products typically see stronger revenue in the second half of our fiscal year. In addition, based on the production schedules of key customers, some of our products for notebooks and game consoles typically generate stronger revenue in the second and third quarters, and weaker revenue in the fourth and first quarters.",NVDA,2023_10K
What manufacturing strategy does NVIDIA employ for its products?,"NVIDIA employs a fabless manufacturing strategy, relying on key suppliers for all phases of the manufacturing process including wafer fabrication, assembly, testing, and packaging.","We do not manufacture semiconductors used for our products. Instead, we utilize a fabless manufacturing strategy, whereby we employ key suppliers for all phases of the manufacturing process, including wafer fabrication, assembly, testing, and packaging.",NVDA,2023_10K
Who are NVIDIA's primary suppliers for semiconductor wafer production?,NVIDIA's primary suppliers for semiconductor wafer production are Taiwan Semiconductor Manufacturing Company Limited and Samsung Electronics Co. Ltd.,"We utilize suppliers, such as Taiwan Semiconductor Manufacturing Company Limited and Samsung Electronics Co. Ltd, to produce our semiconductor wafers.",NVDA,2023_10K
What are the principal competitive factors in the market for the company's products?,"The principal competitive factors include performance, breadth of product offerings, access to customers and partners and distribution channels, software support, conformity to industry standard APIs, manufacturing capabilities, processor pricing, and total system costs.","Competition  The market for our products is intensely competitive and is characterized by rapid technological change and evolving industry standards. We believe that the principal competitive factors in this market are performance, breadth of product offerings, access to customers and partners and distribution channels, software support, conformity to industry standard APIs, manufacturing capabilities, processor pricing, and total system costs.",NVDA,2023_10K
How does the text describe the changes expected in the competitive environment of the company?,The text suggests that competition will increase due to existing competitors and new market entrants that may offer lower priced or better performing products with additional features.,"We believe that the principal competitive factors in this market are performance, breadth of product offerings, access to customers and partners and distribution channels, software support, conformity to industry standard APIs, manufacturing capabilities, processor pricing, and total system costs. We believe that our ability to remain competitive will depend on how well we are able to anticipate the features and functions that customers and partners will demand and whether we are able to deliver consistent volumes of our products at acceptable levels of quality and at competitive prices. We expect competition to increase from both existing competitors and new market entrants with products that may be lower priced than ours or may provide better performance or additional features not provided by our products. In addition, it is possible that new competitors or alliances among competitors could emerge and acquire significant market share.",NVDA,2023_10K
What entities are identified as significant sources of competition for the company?,"Significant sources of competition include companies that provide or intend to provide GPUs, CPUs, DPUs, embedded SoCs, and other accelerated, AI computing processor products, and providers of semiconductor-based high-performance interconnect products such as InfiniBand, Ethernet, Fibre Channel, and proprietary technologies.","A significant source of competition comes from companies that provide or intend to provide GPUs, CPUs, DPUs, embedded SoCs, and other accelerated, AI computing processor produits, and providers of semiconductor-based high-performance interconnect products based on InfiniBand, Ethernet, Fibre Channel and proprietary technologies.",NVDA,2023_10K
What measures does the company rely on to protect its intellectual property (IP)?,"The company relies on a combination of patents, trademarks, trade secrets, employee and third-party nondisclosure agreements, and licensing arrangements to protect its IP.","Patents and Proprietary Rights We rely primarily on a combination of patents, trademarks, trade secrets, employee and third-party nondisclosure agreements, and licensing arrangements to protect our IP in the United States and internationally.",NVDA,2023_10K
What recent regulatory changes have impacted the company's operations?,"During the third quarter of fiscal year 2023, the U.S. government announced new license requirements that impact certain exports to China, including Hong Kong and Macau, and Russia of some of the company's data center products.","During the third quarter of fiscal year 2023, the U.S. government announced new license requirements that impact certain exports to China (including Hong Kong and Macau) and Russia of some of our data center products.",NVDA,2023_10K
What was the main reason for the termination of the Share Purchase Agreement for the acquisition of Arm in February 2022?,The main reason for the termination of the Share Purchase Agreement for the acquisition of Arm was significant regulatory challenges preventing the completion of the transaction.,"In February 2022, we announced the termination of the Share Purchase Agreement by which we would have acquired Arm due to significant regulatory challenges preventing the completion of the transaction. We recorded an acquisition termination cost of $1.35 billion in fiscal year 2023 reflecting the write-off of the prepayment provided at signing.",NVDA,2023_10K
What was the financial cost associated with the termination of the acquisition of Arm?,The financial cost associated with the termination of the acquisition of Arm was $1.35 billion.,"In February 2022, we announced the termination of the Share Purchase Agreement by which we would have acquired Arm due to significant regulatory challenges preventing the completion of the transaction. We recorded an acquisition termination cost of $1.35 billion in fiscal year 2023 reflecting the write-off of the prepayment provided at signing.",NVDA,2023_10K
What percentage of global electricity usage does NVIDIA aim to match with renewable energy by the end of fiscal year 2025?,"By the end of fiscal year 2025, NVIDIA aims to match 100% of its global electricity usage with renewable energy.","By the end of fiscal year 2025, our goal is to purchase or generate enough renewable energy to match 100% of our global electricity usage for our offices and data centers.",NVDA,2023_10K
What new governmental requirements were announced by the U.S. government during the third quarter of fiscal year 2023 that affected NVIDIA?,"During the third quarter of fiscal year 2023, the U.S. government announced new license requirements that impact certain exports to China (including Hong Kong and Macau) and Russia of some NVIDIA data center products.","During the third quarter of fiscal year 2023, the U.S. government announced new license requirements that impact certain exports to China (including Hong Kong and Macau) and Russia of some of our data center products.",NVDA,2023_10K
What is the role of the Nominating and Corporate Governance Committee at NVIDIA?,"The role of the Nominating and Corporate Governance Committee at NVIDIA is to review and discuss with management the company's practices related to environmental, social, and corporate governance (ESG).",The Nominating and Corporate Governance Committee of our Board of Directors is responsible for reviewing and discussing with management our practices related to ESG.,NVDA,2023_10K
"How many employees did the company have at the end of fiscal year 2023, and in how many countries were they located?","At the end of fiscal year 2023, the company had 26,196 employees located in 35 countries.","Human Capital Management We believe that our employees are our greatest assets, and they play a key role in creating long-term value for our stakeholders. As of the end of fiscal year 2023, we had 26,196 employees in 35 countries, 19,532 were engaged in research and development and 6,664 were engaged in sales, marketing, operations, and administrative positions.",NVDA,2023_10K
What percentage of the company's workforce holds advanced degrees?,About 50% of the company's workforce hold advanced degrees.,"Recruitment As the demand for global technical talent continues to be competitive, we have grown our technical workforce and have been successful in attracting top talent to NVIDIA. We have attracted strong talent globally with our differentiated hiring strategies for university, professional, executive and diverse recruits. The COVID-19 pandemic created expanded hiring opportunities in new geographies and provided increased  flexibility for employees to work from locations of their choice. Our workforce is about 80% technical and about 50% hold advanced degrees.",NVDA,2023_10K
What was the overall turnover rate at the company in fiscal year 2023?,The overall turnover rate at the company in fiscal year 2023 was 5.3%.,"We want NVIDIA to be a place where people can build their careers over their lifetime. Our employees tend to come and stay. In fiscal year 2023, our overall turnover rate was 5.3%.",NVDA,2023_10K
What types of learning opportunities does the company provide to support employee development?,"The company provides on-the-job training programs, one on one coaching, ongoing feedback, live and on-demand learning experiences including workshops, panel discussions, and speaker forums, as well as curated learning paths focused on common development needs.","Development and Retention To support employee development, we provide opportunities to learn on-the-job through training programs, one on one coaching and ongoing feedback. We have a library of live and on-demand learning experiences that include workshops, panel discussions, and speaker forums. We curate learning paths focused on our most common development needs and constantly upgrade our offerings to ensure that our employees are exposed to the most current programs and technologies available.",NVDA,2023_10K
What percentage of the global workforce was female at the end of fiscal year 2023?,19%,"As of the end of fiscal year 2023, our global workforce was 80% male, 19% female, and 1% not declared, with 6% of our workforce in the United States composed of Black or African American and Hispanic or Latino employees.",NVDA,2023_10K
What degree does Jen-Hsun Huang hold from Stanford University?,M.S.E.E. degree,Jen-Hsun Huang holds a B.S.E.E. degree from Oregon State University and an M.S.E.E. degree from Stanford University.,NVDA,2023_10K
What is the percentage of Black or African American and Hispanic or Latino employees in the workforce in the United States?,6%,"As of the end of fiscal year 2023, our global workforce was 80% male, 19% female, and 1% not declared, with 6% of our workforce in the United States composed of Black or African American and Hispanic or Latino employees.",NVDA,2023_10K
What position did Colette M. Kress hold before joining NVIDIA in 2013?,"Senior Vice President and Chief Financial Officer of the Business Technology and Operations Finance organization at Cisco Systems, Inc.","Colette M. Kress joined NVIDIA in 2013 as Executive Vice President and Chief Financial Officer. Prior to NVIDIA, Ms. Kress most recently served as Senior Vice President and Chief Financial Officer of the Business Technology and Operations Finance organization at Cisco Systems, Inc., a networking eq...",NVDA,2023_10K
What role did Debora Shoquist hold at JDS Uniphase Corp. from 2004 to 2007?,Debora Shoquist served as the Executive Vice President of Operations at JDS Uniphase Corp. from 2004 to 2007.,"Prior to NVIDIA, Ms. Shoquist served from 2004 to 2007 as Executive Vice President of Operations at JDS Uniphase Corp., a provider of communications test and measurement solutions and optical products for the telecommunications industry.",NVDA,2023_10K
What degrees does Timothy S. Teter hold and from which institutions?,Timothy S. Teter holds a B.S. degree in Mechanical Engineering from the University of California at Davis and a J.D. degree from Stanford Law School.,Mr. Teter holds a B.S. degree in Mechanical Engineering from the University of California at Davis and a J.D. degree from Stanford Law School.,NVDA,2023_10K
